team_id,sprint_id,planned_story_points,total_tasks,actual_sprint_cost,predicted_sprint_cost,residual,absolute_error,absolute_percentage_error,sprint_size_band,small_vs_large
T15,S1113,33.0,2,4433.0,6605.35169514809,-2172.3516951480897,2172.3516951480897,49.00409869497157,large,large
T15,S1115,192.0,10,23652.1,25736.322691517402,-2084.2226915174033,2084.2226915174033,8.811998475896024,large,large
T15,S1116,18.0,8,16386.3,7990.5278330702895,8395.77216692971,8395.77216692971,51.23653397612463,medium,large
T15,S1117,29.0,12,15435.3,9656.32251992289,5778.97748007711,5778.97748007711,37.44000751574061,large,large
T15,S1120,5.0,2,127600.0,3581.0316078825067,124018.96839211749,124018.96839211749,97.1935488966438,medium,small
T15,S1121,21.0,16,31949.6,9975.960093801199,21973.639906198798,21973.639906198798,68.77594682311765,medium,large
T15,S1122,11.0,3,4990.6,22215.588164641933,-17224.98816464193,17224.98816464193,345.148642741192,medium,small
T15,S1123,16.0,10,233721.0,7360.215414057221,226360.78458594278,226360.78458594278,96.85085404646685,medium,large
T16,S1159,2.0,5,3965.2,3185.482313226188,779.7176867738117,779.7176867738117,19.664019135826987,small,small
T16,S1160,3.0,5,4006.5,3158.478636141234,848.0213638587661,848.0213638587661,21.166139120398505,small,small
T16,S1161,5.0,4,7599.5,3810.471837851181,3789.028162148819,3789.028162148819,49.85891390418868,medium,small
T16,S1162,4.0,3,11470.8,2516.0768849989768,8954.723115001023,8954.723115001023,78.06537569307305,small,small
T16,S1163,0.0,1,655.8,719.0545283891282,-63.25452838912827,63.25452838912827,9.645399266411752,small,small
T16,S1164,0.0,4,31092.2,2514.406956608423,28577.79304339158,28577.79304339158,91.91306193640713,small,small
T16,S1165,9.0,6,4550.9,4113.146937160536,437.7530628394634,437.7530628394634,9.61904376803409,medium,small
T16,S1166,11.0,4,67233.5,5732.816966221623,61500.683033778376,61500.683033778376,91.47327304658894,medium,small
T17,S1248,1.0,1,990.8,1387.9560168399948,-397.1560168399949,397.1560168399949,40.08437796124293,small,small
T17,S1254,4.0,2,1331.6,2174.7574718878495,-843.1574718878496,843.1574718878496,63.319125254419475,small,small
T17,S1259,4.5,4,3419.3,5469.402894873629,-2050.1028948736284,2050.1028948736284,59.956800949715685,medium,small
T17,S1260,3.0,1,2098.5,726.5843159008818,1371.9156840991182,1371.9156840991182,65.376015444323,small,small
T17,S1261,1.5,3,1508.4,5281.335048685299,-3772.9350486852986,3772.9350486852986,250.1282848505236,small,small
T17,S1262,0.0,1,6101.2,619.6758082675938,5481.524191732406,5481.524191732406,89.84337821629197,small,small
T17,S1263,1.0,2,1331.6,1372.7251892474123,-41.125189247412436,41.125189247412436,3.0884041189105167,small,small
T17,S1267,14.5,6,17886.6,8370.258807996848,9516.34119200315,9516.34119200315,53.20374577618525,medium,large
T17,S1269,14.5,7,7761.1,17025.457930728495,-9264.357930728494,9264.357930728494,119.36913492582875,medium,large
T17,S1271,3.0,1,1371.8,723.8333607259043,647.9666392740957,647.9666392740957,47.23477469558942,small,small
T17,S1272,1.0,1,174917.0,1247.0639491958527,173669.93605080416,173669.93605080416,99.28705388887539,small,small
T19,S1321,0.0,10,12462.5,14692.202501347749,-2229.7025013477487,2229.7025013477487,17.891293892459366,small,small
T19,S1330,23.0,47,14731.0,22058.115866190594,-7327.115866190594,7327.115866190594,49.739432938636845,medium,large
T19,S1334,17.0,26,10696.5,20904.169522080054,-10207.669522080054,10207.669522080054,95.42999599943957,medium,large
T19,S1335,23.0,37,26807.1,21213.524316255443,5593.575683744555,5593.575683744555,20.866023119787503,medium,large
T19,S1350,21.0,12,6755.4,6832.808711718074,-77.4087117180743,77.4087117180743,1.1458790259359075,medium,large
T20,S1405,16.0,44,7415.0,26309.417707417353,-18894.417707417353,18894.417707417353,254.81345525849432,medium,large
T20,S1409,5.0,46,21848.4,24496.39425845225,-2647.994258452247,2647.994258452247,12.119854352960612,medium,small
T20,S1410,34.0,31,10536.3,17796.975626065083,-7260.675626065084,7260.675626065084,68.9110563107076,large,large
T20,S1411,35.0,38,54816.1,28009.125239609224,26806.974760390774,26806.974760390774,48.90346952882598,large,large
T20,S1417,68.0,20,16376.6,2506.688288364656,13869.911711635345,13869.911711635345,84.6934755177225,large,large
T20,S1420,23.0,19,9933.2,8432.679467762513,1500.5205322374877,1500.5205322374877,15.106114164997056,medium,large
T18,S1460,44.0,12,2152.7,8359.569686389412,-6206.869686389412,6206.869686389412,288.3295250796401,large,large
T18,S1461,50.0,14,3500.0,32052.44525427963,-28552.44525427963,28552.44525427963,815.7841501222752,large,large
T18,S1462,40.0,11,2794.7,10298.735416795045,-7504.035416795045,7504.035416795045,268.50951503900404,large,large
T18,S1463,30.0,7,27042.4,8570.785176996445,18471.614823003554,18471.614823003554,68.30612232273597,large,large
T18,S1465,3.0,3,9491.3,4873.367170186369,4617.932829813631,4617.932829813631,48.65437642697661,small,small
T18,S1466,18.0,6,114771.0,4606.896275817393,110164.10372418261,110164.10372418261,95.98601016300512,medium,large
T18,S1467,10.0,2,94759.1,2632.465866166853,92126.63413383315,92126.63413383315,97.22193872022122,medium,small
T18,S1468,13.0,3,18564.8,3211.420424999281,15353.37957500072,15353.37957500072,82.70156196135008,medium,large
T18,S1469,13.0,2,80888.9,2738.1177966469795,78150.78220335301,78150.78220335301,96.61496472736434,medium,large
T14,S1484,3.0,9,168993.0,13014.971076240809,155978.02892375918,155978.02892375918,92.29851468626462,small,small
T14,S1485,0.0,1,4649.5,1643.829194926536,3005.670805073464,3005.670805073464,64.64503290834422,small,small
T21,S1811,0.0,1,500.0,500.4110247035948,-0.41102470359481913,0.41102470359481913,0.08220494071896382,small,small
T21,S1812,0.0,1,500.0,500.4110247035948,-0.41102470359481913,0.41102470359481913,0.08220494071896382,small,small
T21,S1813,0.0,1,500.0,500.4110247035948,-0.41102470359481913,0.41102470359481913,0.08220494071896382,small,small
T21,S1814,11.0,3,1500.0,7019.135254966081,-5519.135254966081,5519.135254966081,367.9423503310721,medium,small
T21,S1815,3.0,1,500.0,780.0370103830995,-280.0370103830995,280.0370103830995,56.007402076619904,small,small
T21,S1817,5.0,1,500.0,1122.075470004911,-622.075470004911,622.075470004911,124.41509400098221,medium,small
T21,S1818,0.0,1,500.0,503.1773288735722,-3.1773288735722076,3.1773288735722076,0.6354657747144415,small,small
T21,S1823,0.0,1,500.0,505.23137945905984,-5.231379459059838,5.231379459059838,1.0462758918119675,small,small
T21,S1830,8.0,1,500.0,2845.6856377820245,-2345.6856377820245,2345.6856377820245,469.1371275564049,medium,small
T21,S1832,0.0,2,500.0,871.5184469456659,-371.5184469456659,371.5184469456659,74.30368938913318,small,small
T21,S1839,0.0,1,500.0,511.1444716841159,-11.1444716841159,11.1444716841159,2.22889433682318,small,small
T21,S1841,0.0,10,1500.0,1797.8161072698008,-297.8161072698008,297.8161072698008,19.854407151320054,small,small
T21,S1851,5.0,1,500.0,1143.991087431614,-643.991087431614,643.991087431614,128.7982174863228,medium,small
T21,S1854,0.0,1,500.0,511.1444716841159,-11.1444716841159,11.1444716841159,2.22889433682318,small,small
T21,S1858,0.0,1,500.0,511.1444716841159,-11.1444716841159,11.1444716841159,2.22889433682318,small,small
T21,S1860,0.0,3,1000.0,1385.2892497913376,-385.2892497913376,385.2892497913376,38.52892497913376,small,small
T21,S1862,0.0,1,500.0,526.9801126176899,-26.980112617689883,26.980112617689883,5.396022523537977,small,small
T21,S1876,0.0,3,1000.0,1405.9771188925993,-405.97711889259926,405.97711889259926,40.59771188925993,small,small
T21,S1881,8.0,2,1000.0,3652.067830474761,-2652.067830474761,2652.067830474761,265.2067830474761,medium,small
T21,S1883,0.0,1,500.0,577.7587224638489,-77.75872246384893,77.75872246384893,15.551744492769783,small,small
T21,S1887,3.0,2,500.0,1392.9520349284305,-892.9520349284305,892.9520349284305,178.59040698568612,small,small
T21,S1889,0.0,1,500.0,600.8196319010323,-100.81963190103227,100.81963190103227,20.163926380206455,small,small
T21,S1890,3.0,1,500.0,850.1251245756811,-350.12512457568107,350.12512457568107,70.02502491513621,small,small
T21,S1892,0.0,1,500.0,617.4414847437497,-117.4414847437497,117.4414847437497,23.48829694874994,small,small
T21,S1895,0.0,2,500.0,1154.9269900103404,-654.9269900103404,654.9269900103404,130.98539800206808,small,small
T21,S1897,2.0,1,500.0,1107.0715033054864,-607.0715033054864,607.0715033054864,121.41430066109729,small,small
T21,S1898,0.0,5,1000.0,1380.9581938303036,-380.95819383030357,380.95819383030357,38.09581938303035,small,small
T21,S1903,0.5,1,500.0,634.391158102653,-134.39115810265298,134.39115810265298,26.878231620530595,small,small
T21,S1905,0.0,1,500.0,617.4414847437497,-117.4414847437497,117.4414847437497,23.48829694874994,small,small
T21,S1907,0.0,1,500.0,617.4414847437497,-117.4414847437497,117.4414847437497,23.48829694874994,small,small
T21,S1911,13.0,2,1000.0,4540.662171115255,-3540.6621711152548,3540.6621711152548,354.0662171115255,medium,large
T21,S1914,0.0,2,1000.0,1405.547134360658,-405.547134360658,405.547134360658,40.554713436065796,small,small
T21,S1915,5.0,4,1000.0,4540.219975764531,-3540.2199757645312,3540.2199757645312,354.02199757645315,medium,small
T21,S1920,0.0,1,500.0,618.8138503746806,-118.81385037468056,118.81385037468056,23.76277007493611,small,small
T21,S1924,0.0,3,1000.0,1562.1056825409448,-562.1056825409448,562.1056825409448,56.21056825409448,small,small
T21,S1926,0.0,1,500.0,620.5285126232152,-120.52851262321519,120.52851262321519,24.10570252464304,small,small
T21,S1927,1.0,1,500.0,819.6615295077606,-319.66152950776063,319.66152950776063,63.93230590155212,small,small
T21,S1929,0.0,3,500.0,1553.2131930309533,-1053.2131930309533,1053.2131930309533,210.64263860619067,small,small
T21,S1932,0.0,2,1000.0,2550.8246499447823,-1550.8246499447823,1550.8246499447823,155.08246499447824,small,small
T21,S1934,0.0,2,1000.0,2604.9729668813743,-1604.9729668813743,1604.9729668813743,160.49729668813742,small,small
T21,S1945,0.0,1,500.0,613.3596874051241,-113.35968740512408,113.35968740512408,22.671937481024816,small,small
T21,S1946,0.0,1,500.0,613.3596874051241,-113.35968740512408,113.35968740512408,22.671937481024816,small,small
T21,S1947,0.0,2,500.0,1403.3648737522176,-903.3648737522176,903.3648737522176,180.67297475044353,small,small
T21,S1948,0.0,1,500.0,613.3596874051241,-113.35968740512408,113.35968740512408,22.671937481024816,small,small
T22,S2391,1.0,1,646.4,1227.8045853733574,-581.4045853733575,581.4045853733575,89.94501630157139,small,small
T22,S2393,8.0,3,11147.5,13208.188377696139,-2060.6883776961386,2060.6883776961386,18.48565487953477,medium,small
T22,S2394,0.0,1,797.9,1013.1530165207938,-215.25301652079384,215.25301652079384,26.977442852587274,small,small
T22,S2395,11.0,6,10750.5,10612.792073451435,137.7079265485645,137.7079265485645,1.2809443890848287,medium,small
T22,S2399,0.0,2,2433.0,5176.652344868642,-2743.652344868642,2743.652344868642,112.76828380060182,small,small
T3,S240,14.0,26,15354.0,20886.400940736825,-5532.400940736825,5532.400940736825,36.032310412510256,medium,large
T22,S2402,0.0,6,6017.7,7239.911121943613,-1222.2111219436129,1222.2111219436129,20.31027006902326,small,small
T22,S2403,0.0,3,2877.0,6281.862295516574,-3404.862295516574,3404.862295516574,118.34766407773981,small,small
T22,S2404,3.0,1,2374.2,958.9365155471671,1415.2634844528327,1415.2634844528327,59.610120649180054,small,small
T22,S2406,0.0,1,2009.9,1002.6601447187259,1007.2398552812742,1007.2398552812742,50.113928816422415,small,small
T22,S2407,18.0,4,5109.3,12395.480483291081,-7286.180483291081,7286.180483291081,142.60623731804907,medium,large
T22,S2408,0.0,2,9936.5,6458.750178572729,3477.749821427271,3477.749821427271,34.99974660521583,small,small
T3,S241,10.5,11,7100.3,15507.60242411377,-8407.302424113768,8407.302424113768,118.4077070562338,medium,small
T22,S2410,0.0,2,9957.9,6458.750178572729,3499.1498214272706,3499.1498214272706,35.13943523661887,small,small
T22,S2411,3.0,3,1127.0,6669.64578110301,-5542.64578110301,5542.64578110301,491.80530444569746,small,small
T22,S2412,3.0,1,802.5,1098.0835255216718,-295.58352552167185,295.58352552167185,36.83283807123637,small,small
T22,S2413,0.0,6,5924.7,6019.298439670237,-94.59843967023698,94.59843967023698,1.5966789823997332,small,small
T22,S2414,0.0,1,500.0,982.2314714418975,-482.2314714418975,482.2314714418975,96.44629428837949,small,small
T22,S2416,0.0,1,7724.3,978.6308625071076,6745.669137492892,6745.669137492892,87.33049127419821,small,small
T22,S2417,2.0,5,66304.7,6495.613259402375,59809.086740597624,59809.086740597624,90.20338941371823,small,small
T22,S2418,2.0,6,13666.3,6230.208372645765,7436.091627354234,7436.091627354234,54.41188637271416,small,small
T22,S2419,0.0,1,537.6,1013.1530165207938,-475.5530165207938,475.5530165207938,88.45852241830241,small,small
T3,S242,3.5,7,8075.8,6446.098308816224,1629.7016911837763,1629.7016911837763,20.18006502369767,small,small
T22,S2424,3.0,1,789.0,1230.510976202668,-441.51097620266796,441.51097620266796,55.958298631516854,small,small
T22,S2425,0.0,1,2223.5,1013.1530165207938,1210.3469834792063,1210.3469834792063,54.434314525712004,small,small
T22,S2428,0.0,3,3390.4,2669.6687375340293,720.7312624659708,720.7312624659708,21.25800089859517,small,small
T3,S243,2.0,5,4339.5,4978.966715164157,-639.466715164157,639.466715164157,14.735953800303193,small,small
T22,S2430,0.0,1,791.5,1013.1530165207938,-221.6530165207938,221.6530165207938,28.004171386076287,small,small
T22,S2432,0.0,5,7292.7,6744.0030085129465,548.6969914870533,548.6969914870533,7.523921064722988,small,small
T22,S2433,0.5,1,1631.6,1063.8373818614166,567.7626181385833,567.7626181385833,34.7979050097195,small,small
T22,S2434,0.0,3,3777.2,6522.6690073977325,-2745.4690073977326,2745.4690073977326,72.68529618229728,small,small
T22,S2436,0.0,1,4452.1,1013.1530165207938,3438.9469834792067,3438.9469834792067,77.24325562047586,small,small
T22,S2437,0.0,1,1054.8,1019.3747922067145,35.425207793285495,35.425207793285495,3.358476279226915,small,small
T3,S244,9.0,6,9766.4,15678.484415518109,-5912.084415518109,5912.084415518109,60.53494036203831,medium,small
T22,S2446,5.0,2,3339.9,37035.845059624786,-33695.945059624784,33695.945059624784,1008.8908368401684,medium,small
T22,S2448,3.0,1,783.4,1343.2986121797746,-559.8986121797747,559.8986121797747,71.4703359943547,small,small
T22,S2449,11.0,6,5669.1,16604.555025981612,-10935.455025981611,10935.455025981611,192.8957863855217,medium,small
T3,S245,8.0,12,10533.9,25046.859799827518,-14512.959799827519,14512.959799827519,137.77385203796808,medium,small
T22,S2451,0.0,6,24958.4,7352.949085950592,17605.45091404941,17605.45091404941,70.53918085313725,small,small
T22,S2454,0.0,3,5623.4,6513.515692057512,-890.1156920575122,890.1156920575122,15.828781378836865,small,small
T22,S2458,0.0,1,632.4,1029.5140380454102,-397.1140380454102,397.1140380454102,62.79475617416354,small,small
T3,S246,20.0,22,11468.2,19479.213315340538,-8011.013315340537,8011.013315340537,69.85414725362774,medium,large
T22,S2460,0.0,3,11392.5,2682.5570789671306,8709.942921032869,8709.942921032869,76.4533063070693,small,small
T22,S2464,0.0,7,20732.9,15574.584162998455,5158.315837001546,5158.315837001546,24.87985683142033,small,small
T22,S2465,0.0,1,514.6,1029.5140380454102,-514.9140380454102,514.9140380454102,100.06102565981543,small,small
T22,S2467,0.0,6,34261.6,17262.024572845738,16999.57542715426,16999.57542715426,49.616992280437174,small,small
T3,S247,9.5,11,6295.1,15932.372623590378,-9637.272623590377,9637.272623590377,153.0916526121964,medium,small
T22,S2470,0.0,7,32645.4,15574.584162998455,17070.815837001544,17070.815837001544,52.291642427421756,small,small
T22,S2471,0.0,4,10763.3,11114.391974517333,-351.09197451733417,351.09197451733417,3.261936158216664,small,small
T22,S2476,0.0,1,644.5,1029.5140380454102,-385.0140380454102,385.0140380454102,59.7384077649977,small,small
T22,S2477,1.0,1,1538.2,1236.994607797479,301.2053922025211,301.2053922025211,19.581679378658244,small,small
T3,S248,4.5,6,4904.0,9076.38819593299,-4172.38819593299,4172.38819593299,85.08132536568087,medium,small
T22,S2480,0.0,4,12581.3,5571.668172245271,7009.631827754728,7009.631827754728,55.714686302327486,small,small
T22,S2483,1.0,9,91629.9,9537.716081115836,82092.18391888415,82092.18391888415,89.59104388292923,small,small
T22,S2484,0.0,3,15971.2,2725.5868483769445,13245.613151623056,13245.613151623056,82.93436405293939,small,small
T22,S2485,0.0,6,11480.5,6394.468051609369,5086.031948390631,5086.031948390631,44.30148467741502,small,small
T22,S2486,5.0,6,74689.3,15442.423264397627,59246.876735602375,59246.876735602375,79.32445040401018,medium,small
T22,S2487,0.0,3,15369.8,6317.266968560958,9052.533031439041,9052.533031439041,58.89818365521374,small,small
T22,S2488,0.0,8,8124.5,10195.69457160265,-2071.1945716026494,2071.1945716026494,25.493194308605442,small,small
T3,S249,10.0,9,8809.2,16333.768562944539,-7524.568562944538,7524.568562944538,85.41716118313283,medium,small
T22,S2493,0.0,4,10820.8,10358.261211085228,462.53878891477143,462.53878891477143,4.274534127927431,small,small
T22,S2494,5.0,1,4947.5,1986.4297405838636,2961.0702594161367,2961.0702594161367,59.84982838637972,medium,small
T22,S2497,0.0,1,500.0,1029.5140380454102,-529.5140380454102,529.5140380454102,105.90280760908203,small,small
T3,S250,1.0,8,4415.3,9325.2047450393,-4909.9047450393,4909.9047450393,111.2020643000317,small,small
T22,S2503,0.0,8,14490.2,19487.57724740642,-4997.377247406421,4997.377247406421,34.48797978914315,small,small
T22,S2505,0.0,2,1668.9,5139.375569542166,-3470.475569542166,3470.475569542166,207.94988133154567,small,small
T22,S2506,0.0,2,1578.0,5162.992684825511,-3584.992684825511,3584.992684825511,227.1858482145444,small,small
T3,S251,0.0,3,3534.6,5024.380382708495,-1489.780382708495,1489.780382708495,42.14848590246407,small,small
T22,S2510,0.0,2,2273.6,5182.062850716101,-2908.462850716101,2908.462850716101,127.92324290623245,small,small
T22,S2512,0.0,1,500.0,1029.5140380454102,-529.5140380454102,529.5140380454102,105.90280760908203,small,small
T22,S2513,0.0,1,1510.6,1049.1175546291197,461.4824453708802,461.4824453708802,30.54961243021847,small,small
T22,S2517,0.0,1,2647.9,1056.1474728447693,1591.7525271552308,1591.7525271552308,60.113770427706136,small,small
T3,S252,3.0,10,15242.7,15927.040114430518,-684.3401144305171,684.3401144305171,4.489625292307249,small,small
T22,S2524,0.0,1,500.0,1056.1474728447693,-556.1474728447693,556.1474728447693,111.22949456895385,small,small
T3,S253,0.0,13,11122.5,13140.103605191198,-2017.6036051911979,2017.6036051911979,18.13983911163136,small,small
T3,S254,0.0,3,6196.1,2772.1595319855055,3423.940468014495,3423.940468014495,55.25960633324986,small,small
T3,S255,21.0,18,29661.1,23605.382378438404,6055.717621561595,6055.717621561595,20.41636224402195,medium,large
T27,S2550,80.0,27,322790.0,45842.64313697348,276947.3568630265,276947.3568630265,85.79799772701338,large,large
T27,S2551,92.0,36,115000.0,64112.564071154484,50887.435928845516,50887.435928845516,44.24994428595262,large,large
T27,S2552,83.0,50,108145.0,146279.73018308674,-38134.730183086736,38134.730183086736,35.26259205981482,large,large
T27,S2553,100.0,51,181412.0,178794.54543455786,2617.454565442138,2617.454565442138,1.4428232781966672,large,large
T27,S2554,143.0,65,206097.0,279327.10366437875,-73230.10366437875,73230.10366437875,35.53186298897061,large,large
T3,S256,1.0,3,1973.4,4018.756469514528,-2045.3564695145278,2045.3564695145278,103.64631952541438,small,small
T3,S257,9.0,13,16893.7,19206.595280692698,-2312.8952806926973,2312.8952806926973,13.690874590484603,medium,small
T3,S258,22.0,11,18203.4,22655.66192359449,-4452.261923594488,4452.261923594488,24.458408448940787,medium,large
T3,S259,16.0,19,7932.7,21918.446076309418,-13985.746076309417,13985.746076309417,176.30499169651463,medium,large
T3,S260,29.0,14,10926.5,24284.921094069676,-13358.421094069676,13358.421094069676,122.25709142058001,large,large
T3,S261,40.0,47,26810.0,46744.67450513401,-19934.67450513401,19934.67450513401,74.35536928434917,large,large
T26,S2615,14.0,12,24190.7,24789.695516576063,-598.9955165760621,598.9955165760621,2.4761396593569516,medium,large
T26,S2616,16.0,5,13605.8,9012.032090616085,4593.767909383914,4593.767909383914,33.76330615901979,medium,large
T26,S2617,27.0,10,13830.0,14772.496111963595,-942.4961119635955,942.4961119635955,6.814867042397653,medium,large
T26,S2618,61.0,22,69263.5,28289.48918925676,40974.01081074324,40974.01081074324,59.15671430225622,large,large
T26,S2619,29.0,15,9859.9,22782.443334274925,-12922.543334274926,12922.543334274926,131.06160644910116,large,large
T3,S262,25.0,29,12186.9,20526.38393462569,-8339.48393462569,8339.48393462569,68.42990370500857,medium,large
T26,S2620,42.0,17,31037.6,35288.21293898791,-4250.612938987913,4250.612938987913,13.695043878998097,large,large
T26,S2621,26.0,15,27372.1,22785.34374017523,4586.756259824768,4586.756259824768,16.75704918447897,medium,large
T26,S2622,16.0,8,105877.0,11086.669561859735,94790.33043814027,94790.33043814027,89.52872714389363,medium,large
T26,S2623,61.0,15,16636.0,28374.407530728655,-11738.407530728655,11738.407530728655,70.56027609238191,large,large
T26,S2624,39.0,27,19045.8,33749.74518648107,-14703.945186481073,14703.945186481073,77.20308512365494,large,large
T26,S2625,36.0,13,8035.4,29805.334187514327,-21769.93418751433,21769.93418751433,270.9253327465257,large,large
T26,S2626,43.0,15,18614.3,27513.862081757277,-8899.562081757278,8899.562081757278,47.81035054639325,large,large
T26,S2627,70.0,20,16604.2,30666.746569448955,-14062.546569448954,14062.546569448954,84.69270768509747,large,large
T26,S2628,59.0,19,14798.0,29176.415654010874,-14378.415654010874,14378.415654010874,97.16458747135339,large,large
T26,S2629,67.0,16,13681.5,30798.149634323992,-17116.649634323992,17116.649634323992,125.10798987189995,large,large
T3,S263,0.0,12,33778.3,13886.577081146714,19891.722918853287,19891.722918853287,58.88905871181582,small,small
T23,S2668,71.0,20,19157.9,52800.792693468815,-33642.89269346881,33642.89269346881,175.60845757347522,large,large
T23,S2669,32.0,9,25531.3,16362.241929480173,9169.058070519826,9169.058070519826,35.91300901450309,large,large
T23,S2670,28.0,16,64980.3,27932.92231884538,37047.37768115463,37047.37768115463,57.01324506220289,medium,large
T23,S2671,26.0,10,5179.7,16447.022019207623,-11267.322019207622,11267.322019207622,217.5284672704524,medium,large
T23,S2672,21.0,11,9376.4,13609.389730441082,-4232.989730441082,4232.989730441082,45.14514878248669,medium,large
T23,S2673,22.0,9,26687.6,15736.221086774924,10951.378913225075,10951.378913225075,41.03545808999339,medium,large
T23,S2674,26.0,12,8242.3,20771.98991630555,-12529.68991630555,12529.68991630555,152.016911739509,medium,large
T23,S2675,0.0,24,19641.3,40801.49338730357,-21160.19338730357,21160.19338730357,107.73316118232282,small,small
T23,S2676,0.0,5,8475.1,6815.480049873985,1659.6199501260153,1659.6199501260153,19.582305225024076,small,small
T25,S2732,26.0,12,13866.8,14862.9655261766,-996.1655261766009,996.1655261766009,7.18381693091846,medium,large
T25,S2733,4.0,5,4831.3,6688.804129403677,-1857.5041294036764,1857.5041294036764,38.44729429767715,small,small
T25,S2734,4.0,10,24327.6,13134.68520691497,11192.914793085029,11192.914793085029,46.00912047668093,small,small
T25,S2735,67.0,35,76712.4,57327.30333825885,19385.096661741147,19385.096661741147,25.269834683494647,large,large
T25,S2736,64.0,25,85749.0,44656.04408698644,41092.95591301356,41092.95591301356,47.922373337314205,large,large
T25,S2737,3.0,49,77416.3,70371.76613639093,7044.533863609075,7044.533863609075,9.09954862685129,small,small
T25,S2738,5.0,12,22793.3,14504.724956305026,8288.575043694973,8288.575043694973,36.3640852517844,medium,small
T25,S2739,29.0,24,167940.0,51804.26977460118,116135.73022539882,116135.73022539882,69.15310838716138,large,large
T25,S2740,6.0,29,168956.0,38848.92041281127,130107.07958718872,130107.07958718872,77.00648665166595,medium,small
T25,S2741,0.0,15,139474.0,15108.226817682167,124365.77318231783,124365.77318231783,89.16771095854268,small,small
T25,S2742,0.0,20,15798.8,49303.51061822307,-33504.710618223064,33504.710618223064,212.07123717132356,small,small
T25,S2743,0.0,26,58824.1,47222.811413012794,11601.288586987204,11601.288586987204,19.72199929448509,small,small
T25,S2744,0.0,32,36236.8,44704.85043455781,-8468.050434557808,8468.050434557808,23.368648541145486,small,small
T25,S2745,0.0,34,115018.0,61561.71428966571,53456.28571033429,53456.28571033429,46.47645212952259,small,small
T25,S2746,0.0,42,43917.6,43282.73389952817,634.8661004718306,634.8661004718306,1.4455846869406128,small,small
T25,S2747,0.0,24,16507.9,51305.10478166024,-34797.204781660235,34797.204781660235,210.79122590796064,small,small
T24,S2863,3.0,5,7719.6,12243.713206703202,-4524.113206703201,4524.113206703201,58.605539233939595,small,small
T24,S2865,0.0,5,7712.3,18091.384597045464,-10379.084597045465,10379.084597045465,134.57833068015333,small,small
T24,S2866,8.0,7,3369.6,23682.757632877972,-20313.157632877974,20313.157632877974,602.8358746699304,medium,small
T24,S2867,24.0,4,9787.1,14533.15866550331,-4746.058665503309,4746.058665503309,48.49300268213576,medium,large
T24,S2868,14.0,7,109885.0,15520.919046926005,94364.080953074,94364.080953074,85.87530686906675,medium,large
T24,S2869,23.0,12,24892.4,64033.91290766675,-39141.51290766675,39141.51290766675,157.24282474838404,medium,large
T24,S2870,0.0,12,18228.7,52846.99039099838,-34618.29039099837,34618.29039099837,189.91091186424907,small,small
T24,S2871,12.0,11,3781.8,38370.53893409898,-34588.738934098976,34588.738934098976,914.610474750092,medium,small
T24,S2872,31.0,11,47084.6,28795.62164592132,18288.978354078678,18288.978354078678,38.842802857152186,large,large
T24,S2873,14.0,3,1900.7,14621.912198280963,-12721.212198280962,12721.212198280962,669.2909032609545,medium,large
T24,S2874,12.0,3,42815.8,7818.6396866509185,34997.160313349086,34997.160313349086,81.73889151516282,medium,small
T24,S2875,0.0,11,47130.7,38157.394794131134,8973.305205868863,8973.305205868863,19.039193574185962,small,small
T24,S2876,13.0,26,130061.0,129643.83545805227,417.16454194772814,417.16454194772814,0.32074529793537504,medium,large
T24,S2877,9.0,2,8268.0,6620.049641879721,1647.950358120279,1647.950358120279,19.93166857910352,medium,small
T24,S2878,9.0,3,5058.3,8397.50550935876,-3339.2055093587596,3339.2055093587596,66.01438248737243,medium,small
T24,S2879,2.0,15,16533.7,61017.28075424784,-44483.58075424784,44483.58075424784,269.0479490631126,small,small
T24,S2880,13.0,11,27000.7,48515.32513941252,-21514.625139412517,21514.625139412517,79.68173098998366,medium,large
T24,S2881,45.0,20,60757.8,80251.18818007079,-19493.38818007079,19493.38818007079,32.08376238124288,large,large
T24,S2882,0.0,5,11166.0,23606.091992557056,-12440.091992557056,12440.091992557056,111.41046025933241,small,small
T24,S2883,48.0,20,347037.0,50577.30265349732,296459.6973465027,296459.6973465027,85.42596246120809,large,large
T24,S2885,21.0,27,460349.0,116413.65326916195,343935.34673083806,343935.34673083806,74.71187006615374,medium,large
T24,S2886,4.0,2,5332.1,12573.655356085876,-7241.555356085875,7241.555356085875,135.81056912071932,small,small
T24,S2887,18.0,26,45037.9,60507.66407079275,-15469.76407079275,15469.76407079275,34.348324568402944,medium,large
T24,S2888,26.0,3,22663.5,12201.199390382591,10462.300609617409,10462.300609617409,46.16365790640196,medium,large
T24,S2889,8.0,5,13557.4,13338.804894261695,218.59510573830448,218.59510573830448,1.6123674579071539,medium,small
T28,S3205,74.6,22,135441.0,66370.99143271889,69070.00856728111,69070.00856728111,50.996381130736715,large,large
T28,S3206,140.0,30,161498.0,67340.6756958342,94157.3243041658,94157.3243041658,58.30247080717148,large,large
T28,S3207,39.0,9,6868.7,18512.22530638721,-11643.525306387208,11643.525306387208,169.51570612178733,large,large
T28,S3208,122.0,23,31372.5,66197.45406274768,-34824.95406274768,34824.95406274768,111.00471451987468,large,large
T28,S3209,74.80000000000001,23,29911.3,51194.70460621262,-21283.404606212618,21283.404606212618,71.15506382608785,large,large
T28,S3210,73.0,16,36571.6,48668.6794902722,-12097.079490272205,12097.079490272205,33.07779667904113,large,large
T28,S3211,235.59999999999997,67,562235.0,272848.53788542066,289386.46211457934,289386.46211457934,51.47073058677943,large,large
T28,S3212,136.5,30,106895.0,108351.41397813645,-1456.4139781364502,1456.4139781364502,1.3624715638116378,large,large
T28,S3213,127.0,26,24287.8,62374.3564612675,-38086.55646126751,38086.55646126751,156.81352967855264,large,large
T28,S3214,58.0,13,7514.5,40105.44377723388,-32590.94377723388,32590.94377723388,433.7074160254692,large,large
T28,S3215,70.85,16,25287.5,53911.63773469376,-28624.13773469376,28624.13773469376,113.19481061668317,large,large
T28,S3216,182.25,30,300013.0,119076.50235138116,180936.49764861882,180936.49764861882,60.30955246893262,large,large
T28,S3217,108.0,18,20824.8,38537.43495800488,-17712.63495800488,17712.63495800488,85.05548652570437,large,large
T28,S3218,29.0,9,17342.5,22292.0638107164,-4949.563810716401,4949.563810716401,28.540082518185965,large,large
T28,S3219,141.75,34,73080.7,118273.36903849259,-45192.66903849259,45192.66903849259,61.83940361612928,large,large
T28,S3220,54.75,23,75504.5,55074.68596448647,20429.814035513533,20429.814035513533,27.057743625232316,large,large
T28,S3221,160.0,27,96847.5,114272.09337523715,-17424.59337523715,17424.59337523715,17.991784377745578,large,large
T28,S3222,124.35,33,70493.2,134060.21343956256,-63567.013439562565,63567.013439562565,90.17467420909048,large,large
T28,S3223,151.25,34,87655.4,116444.7749309249,-28789.37493092491,28789.37493092491,32.843812167789906,large,large
T28,S3224,25.35,15,35639.7,22427.61971768738,13212.080282312618,13212.080282312618,37.071244377232745,medium,large
T28,S3225,189.0,40,104610.0,104970.2513902528,-360.2513902528008,360.2513902528008,0.3443756717835778,large,large
T28,S3226,4.0,1,500.0,788.6119539374082,-288.6119539374082,288.6119539374082,57.722390787481636,small,small
T28,S3227,104.2,28,65612.9,68532.61362303968,-2919.7136230396864,2919.7136230396864,4.449907903841602,large,large
T28,S3228,67.85,24,38756.3,46973.82637531294,-8217.52637531294,8217.52637531294,21.203072469025525,large,large
T28,S3229,87.6,34,90616.4,60721.230215228956,29895.16978477104,29895.16978477104,32.99090427866373,large,large
T28,S3230,129.1,25,60444.8,86718.10654233875,-26273.306542338745,26273.306542338745,43.466611755417745,large,large
T28,S3231,165.5,41,95961.5,134693.99678104927,-38732.49678104927,38732.49678104927,40.36253787305249,large,large
T28,S3232,98.9,27,41075.1,78467.86380705482,-37392.76380705482,37392.76380705482,91.03511326096545,large,large
T28,S3233,63.0,15,50681.1,57733.58890938615,-7052.488909386149,7052.488909386149,13.915421941090761,large,large
T28,S3234,148.0,44,55688.1,124251.1774365057,-68563.0774365057,68563.0774365057,123.1198001664731,large,large
T28,S3235,78.7,31,68347.9,77218.59165825546,-8870.69165825547,8870.69165825547,12.978733301616394,large,large
T28,S3236,177.2,35,109636.0,95749.67918856686,13886.320811433136,13886.320811433136,12.66584042780942,large,large
T28,S3237,164.5,46,232294.0,123430.65172147608,108863.34827852392,108863.34827852392,46.864468423000126,large,large
T28,S3239,72.1,21,67502.8,46347.09388816939,21155.706111830616,21155.706111830616,31.340486782519562,large,large
T28,S3240,108.7,23,31160.1,44002.84154064588,-12842.741540645882,12842.741540645882,41.21534122369916,large,large
T28,S3241,41.0,7,72027.3,12841.54687257357,59185.75312742643,59185.75312742643,82.1712782895186,large,large
T28,S3242,15.0,6,9447.4,6919.195114267681,2528.204885732319,2528.204885732319,26.760853628853642,medium,large
T28,S3243,119.0,34,73191.2,63410.20772298768,9780.992277012316,9780.992277012316,13.363617862546748,large,large
T28,S3244,70.0,8,2500.0,26302.221040571887,-23802.221040571887,23802.221040571887,952.0888416228754,large,large
T28,S3245,11.0,4,222351.0,4904.580263745089,217446.4197362549,217446.4197362549,97.79421713248642,medium,small
T28,S3246,18.0,4,500.9,2991.5986713662614,-2490.6986713662614,2490.6986713662614,497.2446938243684,medium,large
T28,S3247,14.0,10,42885.2,10442.298910691667,32442.901089308332,32442.901089308332,75.6505766308851,medium,large
T28,S3248,2.0,1,13779.1,1125.8523078342548,12653.247692165745,12653.247692165745,91.8292754400922,small,small
T28,S3249,76.0,21,71070.7,60524.70332066512,10545.99667933488,10545.99667933488,14.838740408262307,large,large
T28,S3250,4.0,1,20100.5,684.9144155168,19415.5855844832,19415.5855844832,96.59255035687272,small,small
T28,S3251,72.0,24,50112.4,47954.161031484306,2158.238968515696,2158.238968515696,4.306796259041067,large,large
T28,S3252,25.0,11,19553.8,19896.68953640768,-342.8895364076816,342.8895364076816,1.7535698248303737,medium,large
T28,S3253,82.0,12,153362.0,38664.75531884773,114697.24468115227,114697.24468115227,74.78856866834826,large,large
T28,S3254,54.0,18,65094.5,39143.69088384512,25950.80911615488,25950.80911615488,39.86636215986739,large,large
T28,S3255,84.5,24,64529.8,56306.5166847215,8223.283315278502,8223.283315278502,12.743388814591865,large,large
T28,S3256,139.0,11,13417.9,25064.13279147828,-11646.232791478282,11646.232791478282,86.79624077894664,large,large
T28,S3257,94.0,24,38548.5,55921.442706269874,-17372.942706269874,17372.942706269874,45.06775284711434,large,large
T28,S3258,68.3,16,21764.0,17635.074169668664,4128.925830331336,4128.925830331336,18.97135558873064,large,large
T28,S3259,51.0,27,43661.1,20786.20355501629,22874.896444983708,22874.896444983708,52.391938006563535,large,large
T28,S3260,31.5,12,26959.0,14890.449921431315,12068.550078568685,12068.550078568685,44.76631209825545,large,large
T28,S3261,148.2,30,146809.0,80610.64877546736,66198.35122453264,66198.35122453264,45.091480239312745,large,large
T28,S3262,0.0,3,4528.0,7626.09317379206,-3098.09317379206,3098.09317379206,68.42078564028401,small,small
T28,S3263,23.0,12,25053.3,8394.167647918488,16659.132352081513,16659.132352081513,66.49476257451718,medium,large
T28,S3264,35.0,10,24125.4,15916.517751247724,8208.882248752278,8208.882248752278,34.02589075726113,large,large
T28,S3265,0.0,8,8500.6,11584.065692784985,-3083.4656927849846,3083.4656927849846,36.27350649112985,small,small
T28,S3266,11.0,5,2378.0,7141.789263377366,-4763.789263377366,4763.789263377366,200.327555230335,medium,small
T28,S3267,38.5,7,28973.5,8320.112769753378,20653.387230246622,20653.387230246622,71.28371522338213,large,large
T28,S3268,4.0,11,12354.8,10391.3849318231,1963.4150681768988,1963.4150681768988,15.89192110092352,small,small
T28,S3269,64.0,5,27187.0,8766.63073892174,18420.36926107826,18420.36926107826,67.75432839621239,large,large
T28,S3270,21.0,3,8616.3,6718.59972910617,1897.700270893829,1897.700270893829,22.024538037136928,medium,large
T28,S3271,29.0,10,200662.0,9060.537285019884,191601.46271498012,191601.46271498012,95.48467707636729,large,large
T28,S3272,7.0,3,2548.8,5811.753498135192,-3262.9534981351917,3262.9534981351917,128.0192050429689,medium,small
T28,S3273,145.0,20,435239.0,44373.11626975295,390865.88373024703,390865.88373024703,89.80488507009873,large,large
T28,S3274,8.0,2,1032.8,2773.000434165787,-1740.2004341657869,1740.2004341657869,168.49345799436358,medium,small
T28,S3275,4.0,2,5949.4,4025.2958132524755,1924.1041867475242,1924.1041867475242,32.34114678366767,small,small
T28,S3276,6.0,2,3284.2,3410.890925581772,-126.69092558177226,126.69092558177226,3.857588623767501,medium,small
T28,S3277,156.6,48,135394.0,52297.82058351039,83096.17941648961,83096.17941648961,61.373605489526575,large,large
T28,S3278,14.0,6,4658.2,5180.939156150831,-522.7391561508311,522.7391561508311,11.221913102718457,medium,large
T28,S3279,158.25,28,143665.0,38127.24057278869,105537.7594272113,105537.7594272113,73.4610095898175,large,large
T28,S3280,10.0,5,2160.3,5477.736596905145,-3317.436596905145,3317.436596905145,153.56369934292204,medium,small
T28,S3282,0.0,3,500.0,5675.440557384301,-5175.440557384301,5175.440557384301,1035.0881114768604,small,small
T28,S3283,42.0,11,20389.5,4997.855263885868,15391.644736114133,15391.644736114133,75.48809306807,large,large
T28,S3284,9.0,25,136511.0,32831.088781543694,103679.91121845631,103679.91121845631,75.94985841320943,medium,small
T29,S3291,5.0,5,7273.3,4703.83860321638,2569.4613967836203,2569.4613967836203,35.327312179940606,medium,small
T29,S3292,28.0,13,26280.2,10033.21924695378,16246.98075304622,16246.98075304622,61.82213511710801,medium,large
T30,S3359,16.0,6,4454.7,7799.300571049088,-3344.600571049088,3344.600571049088,75.08026513680132,medium,large
T30,S3360,10.0,9,13883.1,19271.144633024815,-5388.044633024814,5388.044633024814,38.81009740637764,medium,small
T30,S3361,8.0,8,10586.8,15752.158991794071,-5165.358991794072,5165.358991794072,48.79055986505906,medium,small
T30,S3362,39.0,22,41297.5,31454.074465385776,9843.425534614224,9843.425534614224,23.835402953239843,large,large
T30,S3363,36.0,17,24866.1,35971.974892517756,-11105.874892517757,11105.874892517757,44.66271306122696,large,large
T30,S3364,37.0,24,31054.9,35502.68651310778,-4447.786513107778,4447.786513107778,14.322334037809743,large,large
T30,S3365,5.0,9,6834.3,17847.21268457013,-11012.912684570132,11012.912684570132,161.14178020528996,medium,small
T30,S3366,8.0,5,1281.1,4531.997728903988,-3250.897728903988,3250.897728903988,253.75831152166018,medium,small
T30,S3367,39.0,17,14633.0,20190.163509682927,-5557.163509682927,5557.163509682927,37.97692550866484,large,large
T30,S3368,37.0,12,19057.4,20736.30755499481,-1678.9075549948102,1678.9075549948102,8.809740861790223,large,large
T30,S3369,43.0,14,9137.4,24455.622650548135,-15318.222650548136,15318.222650548136,167.64312222895063,large,large
T30,S3370,26.0,12,7102.7,22427.265421056378,-15324.565421056377,15324.565421056377,215.756901193298,medium,large
T30,S3371,22.0,9,11296.6,10750.743321437885,545.8566785621151,545.8566785621151,4.832043965105564,medium,large
T30,S3372,8.0,5,10697.3,5685.108443884532,5012.191556115467,5012.191556115467,46.85473489680076,medium,small
T30,S3373,5.0,2,2022.1,2813.056228920567,-790.9562289205669,790.9562289205669,39.115584240174414,medium,small
T30,S3375,6.0,2,1876.7,4227.502204343523,-2350.802204343523,2350.802204343523,125.26254618977583,medium,small
T31,S3430,0.0,1,1536.2,2523.387389397157,-987.1873893971572,987.1873893971572,64.26164492886063,small,small
T31,S3431,0.0,2,3542.8,2315.6657302430826,1227.1342697569175,1227.1342697569175,34.63741305625261,small,small
T31,S3432,0.0,2,1422.6,2315.6657302430826,-893.0657302430827,893.0657302430827,62.77700901469723,small,small
T31,S3433,0.0,10,21074.3,26682.74546025307,-5608.445460253071,5608.445460253071,26.612724789212795,small,small
T31,S3434,0.0,7,3850.0,14277.290985262609,-10427.290985262609,10427.290985262609,270.8387268899379,small,small
T31,S3435,0.0,1,775.4,2476.781892753224,-1701.3818927532238,1701.3818927532238,219.4198984721723,small,small
T31,S3436,0.0,9,9103.5,27435.024771990684,-18331.524771990684,18331.524771990684,201.36787798089398,small,small
T31,S3437,0.0,25,18484.8,33126.5074140276,-14641.707414027598,14641.707414027598,79.20944459246299,small,small
T31,S3438,0.0,18,19368.2,33994.287442617984,-14626.087442617983,14626.087442617983,75.51598725032777,small,small
T31,S3439,0.0,6,7726.7,15645.553224633484,-7918.853224633484,7918.853224633484,102.486873110558,small,small
T32,S3477,0.0,3,14538.9,6431.560077809921,8107.339922190079,8107.339922190079,55.76309020758159,small,small
T32,S3478,5.0,24,26514.3,17028.014846440816,9486.285153559184,9486.285153559184,35.777995849632774,medium,small
T32,S3479,0.0,31,10482.2,30053.139584062108,-19570.939584062107,19570.939584062107,186.70641262389677,small,small
T32,S3480,3.0,17,168472.0,12496.231521230504,155975.7684787695,155975.7684787695,92.58260629586489,small,small
T32,S3481,0.0,17,37157.9,13404.35209807525,23753.54790192475,23753.54790192475,63.92596971821537,small,small
T32,S3482,0.0,9,15796.5,11766.655423051714,4029.844576948286,4029.844576948286,25.51099659385488,small,small
T32,S3483,0.0,20,62821.8,24178.374452840017,38643.42554715999,38643.42554715999,61.512763956397286,small,small
T32,S3484,0.0,5,19923.4,4859.74084654336,15063.659153456641,15063.659153456641,75.60787392441371,small,small
T32,S3485,0.0,10,21798.9,7223.480111130329,14575.419888869674,14575.419888869674,66.86309808692032,small,small
T34,S4046,245.0,18,147385.0,61338.94395356915,86046.05604643085,86046.05604643085,58.381827218801675,large,large
T34,S4047,259.0,17,137754.0,64333.920505151356,73420.07949484864,73420.07949484864,53.29796557257767,large,large
T34,S4048,0.0,8,178575.0,34611.52012060214,143963.47987939787,143963.47987939787,80.61793637373533,small,small
T34,S4049,761.0,33,122734.0,43521.457674907055,79212.54232509295,79212.54232509295,64.54001525664685,large,large
T34,S4050,826.0,75,123595.0,121812.24294622931,1782.7570537706924,1782.7570537706924,1.4424184261262125,large,large
T34,S4051,532.0,32,151869.0,43681.840408699594,108187.15959130041,108187.15959130041,71.23715807129857,large,large
T34,S4052,410.0,29,79287.7,67160.24620834028,12127.453791659718,12127.453791659718,15.295504588554994,large,large
T34,S4053,597.0,48,76271.7,125269.82383898343,-48998.12383898343,48998.12383898343,64.24155202910573,large,large
T34,S4054,0.0,1,84667.5,3126.3700574937097,81541.12994250629,81541.12994250629,96.30747328373495,small,small
T34,S4055,441.0,23,99622.5,42254.041274957366,57368.458725042634,57368.458725042634,57.58584529101623,large,large
T34,S4056,303.0,26,75534.2,45251.602315245895,30282.597684754102,30282.597684754102,40.09124037158546,large,large
T34,S4057,385.0,29,94368.1,91801.59418852656,2566.505811473442,2566.505811473442,2.7196751990062764,large,large
T34,S4058,350.0,38,198729.0,77863.53342993192,120865.46657006808,120865.46657006808,60.81923955238947,large,large
T34,S4059,337.0,45,87052.1,104234.98726848382,-17182.887268483813,17182.887268483813,19.738624649472918,large,large
T34,S4060,612.0,87,224473.0,98378.45908104157,126094.54091895843,126094.54091895843,56.173589215165485,large,large
T34,S4061,528.0,46,139427.0,59082.148739015305,80344.8512609847,80344.8512609847,57.625030489779384,large,large
T34,S4062,546.0,48,112536.0,61618.31464704486,50917.68535295514,50917.68535295514,45.245686138617984,large,large
T34,S4063,240.0,36,74671.6,97574.50710414999,-22902.907104149985,22902.907104149985,30.67150978973262,large,large
T34,S4064,386.0,47,353865.0,110040.65023840778,243824.34976159222,243824.34976159222,68.90321160939686,large,large
T34,S4065,642.0,55,249357.0,113872.65106112011,135484.3489388799,135484.3489388799,54.333485299742904,large,large
T34,S4066,187.5,24,157125.0,39001.710650423345,118123.28934957666,118123.28934957666,75.17790889392309,large,large
T34,S4067,284.0,32,78117.7,86826.46109853486,-8708.761098534858,8708.761098534858,11.148255899155837,large,large
T34,S4068,286.0,53,210071.0,109846.47262132903,100224.52737867097,100224.52737867097,47.70983495040771,large,large
T34,S4069,152.0,10,28827.9,27933.043350632037,894.8566493679646,894.8566493679646,3.104134013812885,large,large
T34,S4070,156.0,9,91749.0,23630.89598441879,68118.10401558121,68118.10401558121,74.24397433822844,large,large
T34,S4071,241.0,21,56862.3,68731.15948611998,-11868.859486119982,11868.859486119982,20.87298523999202,large,large
T35,S4164,5.0,3,3455.7,4200.950047775505,-745.2500477755048,745.2500477755048,21.56582017465361,medium,small
T35,S4166,2.0,1,3496.4,850.1733409899101,2646.22665901009,2646.22665901009,75.68432270364059,small,small
T35,S4167,0.0,5,5297.4,4615.742346567161,681.6576534328387,681.6576534328387,12.86777765380826,small,small
T35,S4168,30.0,8,5832.0,21004.188936333656,-15172.188936333656,15172.188936333656,260.15413128144127,large,large
T35,S4171,8.0,4,4393.7,3397.7784797622303,995.9215202377695,995.9215202377695,22.667035078356957,medium,small
T35,S4172,8.0,6,11180.0,9939.4119162317,1240.5880837682998,1240.5880837682998,11.09649448808855,medium,small
T35,S4173,5.0,3,5230.5,4200.950047775505,1029.5499522244954,1029.5499522244954,19.68358574179324,medium,small
T35,S4174,0.0,1,503.2,657.4311382831004,-154.2311382831004,154.2311382831004,30.650067226371302,small,small
T35,S4176,0.0,15,3672.5,18680.756584532817,-15008.256584532817,15008.256584532817,408.6659383126703,small,small
T35,S4179,1.0,1,6560.0,574.6264620278158,5985.373537972184,5985.373537972184,91.24045027396622,small,small
T35,S4181,15.0,5,11055.4,6010.964606865303,5044.435393134697,5044.435393134697,45.628700844245316,medium,large
T35,S4184,34.0,5,6121.6,5226.919197717905,894.6808022820951,894.6808022820951,14.615146404242275,large,large
T35,S4185,0.0,4,1000.1,3226.470575528852,-2226.370575528852,2226.370575528852,222.6147960732779,small,small
T35,S4186,9.0,7,2334.8,4468.519376587081,-2133.7193765870807,2133.7193765870807,91.38767245961455,medium,small
T35,S4187,3.0,2,1000.4,2024.0704041217618,-1023.6704041217619,1023.6704041217619,102.32610996818892,small,small
T35,S4189,18.0,15,42641.6,13058.084854877112,29583.51514512289,29583.51514512289,69.37712268095683,medium,large
T35,S4190,20.0,13,1655.5,8677.93720380519,-7022.43720380519,7022.43720380519,424.1882937967496,medium,large
T35,S4191,14.0,8,1256.0,5620.605008420102,-4364.605008420102,4364.605008420102,347.5003987595623,medium,large
T35,S4193,12.0,4,2337.5,4759.992775422015,-2422.4927754220153,2422.4927754220153,103.63605456350868,medium,small
T35,S4195,18.0,15,972.8,6163.207459680256,-5190.407459680256,5190.407459680256,533.5533984046316,medium,large
T36,S4442,90.0,20,13154.9,17373.33384758814,-4218.4338475881395,4218.4338475881395,32.0673957809496,large,large
T36,S4443,48.0,12,9860.8,11483.903635791465,-1623.1036357914654,1623.1036357914654,16.46016181031423,large,large
T36,S4444,91.0,27,7466.6,12405.756863957946,-4939.1568639579455,4939.1568639579455,66.15001291026633,large,large
T36,S4445,141.0,25,21425.3,18868.22170426984,2557.07829573016,2557.07829573016,11.93485410113352,large,large
T36,S4446,69.0,16,6775.8,12471.136712919155,-5695.336712919155,5695.336712919155,84.05408531714565,large,large
T36,S4447,138.0,36,14204.3,24183.694752603136,-9979.394752603137,9979.394752603137,70.2561530846514,large,large
T36,S4448,99.0,22,12180.0,13375.219108845442,-1195.219108845442,1195.219108845442,9.812964768845992,large,large
T36,S4449,85.0,16,15199.0,13367.648720057252,1831.351279942748,1831.351279942748,12.049156391491204,large,large
T36,S4450,74.0,15,5747.9,9836.21165571518,-4088.3116557151807,4088.3116557151807,71.12704910863413,large,large
T36,S4452,95.0,17,8596.8,13144.875158707693,-4548.075158707694,4548.075158707694,52.904280182250304,large,large
T36,S4453,55.0,8,14401.3,9293.31736476288,5107.98263523712,5107.98263523712,35.468899580156794,large,large
T36,S4454,94.0,14,10489.9,14068.613994490075,-3578.7139944900755,3578.7139944900755,34.11580658052103,large,large
T36,S4455,53.0,14,6561.2,12910.81496539403,-6349.614965394031,6349.614965394031,96.77520827583417,large,large
T36,S4456,84.0,15,15979.8,14221.82566622519,1757.9743337748096,1757.9743337748096,11.001228637247085,large,large
T36,S4457,50.0,10,9419.6,10569.18332434836,-1149.5833243483594,1149.5833243483594,12.204162855624011,large,large
T36,S4458,47.0,4,5356.7,6457.357313251352,-1100.6573132513522,1100.6573132513522,20.547301757637207,large,large
T36,S4459,22.0,4,4317.3,6726.941729692163,-2409.6417296921627,2409.6417296921627,55.81362725991158,medium,large
T36,S4460,60.0,13,12412.0,12358.174369858023,53.825630141976944,53.825630141976944,0.4336579934094179,large,large
T36,S4462,14.0,7,4966.8,6891.924923101995,-1925.1249231019947,1925.1249231019947,38.75986395872583,medium,large
T36,S4464,60.0,16,9903.1,11625.852918950373,-1722.752918950373,1722.752918950373,17.39609737304857,large,large
T36,S4465,23.0,8,2955.0,7965.346707402724,-5010.346707402724,5010.346707402724,169.5548801151514,medium,large
T36,S4466,40.0,11,8856.2,9179.868071519395,-323.6680715193943,323.6680715193943,3.6547059858561717,large,large
T36,S4467,86.0,24,15080.7,12809.06676552196,2271.6332344780403,2271.6332344780403,15.063181645931822,large,large
T36,S4470,58.0,14,13606.8,13014.022435205114,592.7775647948856,592.7775647948856,4.356480324506023,large,large
T36,S4472,66.0,12,17821.6,13697.543403148798,4124.0565968512,4124.0565968512,23.140776343601026,large,large
T36,S4473,30.0,5,9569.1,7228.75036715504,2340.34963284496,2340.34963284496,24.45736414965838,large,large
T36,S4474,25.0,5,1179.2,6555.827020541282,-5376.627020541282,5376.627020541282,455.9554800323339,medium,large
T36,S4475,21.0,2,2545.9,2896.039709160034,-350.1397091600338,350.1397091600338,13.753081784831839,medium,large
T36,S4476,5.0,4,3451.8,4559.886614347217,-1108.0866143472167,1108.0866143472167,32.10170387470933,medium,small
T36,S4477,1.0,1,500.0,676.2023555444111,-176.20235554441115,176.20235554441115,35.24047110888223,small,small
T36,S4478,7.0,7,1548.6,4855.687859615175,-3307.0878596151747,3307.0878596151747,213.55339400847052,medium,small
T36,S4479,12.0,5,4112.2,5372.6374658105005,-1260.4374658105007,1260.4374658105007,30.651171290562246,medium,small
T4,S448,55.0,17,30711.7,57174.17238195732,-26462.472381957323,26462.472381957323,86.16414064332916,large,large
T36,S4480,8.0,1,1792.8,1130.8912208286479,661.9087791713521,661.9087791713521,36.920391520044184,medium,small
T36,S4481,16.0,3,18729.7,5830.756402749001,12898.943597251,12898.943597251,68.86892794466009,medium,large
T36,S4482,36.0,7,5044.4,7897.677496859587,-2853.2774968595877,2853.2774968595877,56.563268116318845,large,large
T36,S4483,0.0,2,1000.0,3388.6280732329683,-2388.6280732329683,2388.6280732329683,238.86280732329683,small,small
T36,S4484,0.0,1,1629.6,863.2761896165267,766.3238103834732,766.3238103834732,47.025270642088444,small,small
T36,S4486,0.0,11,2874.4,4406.743051512657,-1532.343051512657,1532.343051512657,53.31001431647151,small,small
T36,S4487,27.0,5,6626.7,6857.271362909259,-230.57136290925882,230.57136290925882,3.4794296242361784,medium,large
T36,S4489,5.0,1,500.0,1173.3436069284437,-673.3436069284437,673.3436069284437,134.66872138568874,medium,small
T4,S449,40.0,18,101581.0,22644.40673927952,78936.59326072049,78936.59326072049,77.7080293172153,large,large
T36,S4490,17.0,4,12025.7,3164.796144535116,8860.903855464885,8860.903855464885,73.68306090676539,medium,large
T36,S4491,3.0,1,1229.3,915.9773936886411,313.32260631135887,313.32260631135887,25.48788792901317,small,small
T36,S4492,6.0,2,500.0,5250.90336832842,-4750.90336832842,4750.90336832842,950.1806736656839,medium,small
T36,S4494,8.0,1,500.0,1130.8912208286479,-630.8912208286479,630.8912208286479,126.17824416572958,medium,small
T36,S4495,5.0,1,1343.6,1173.3436069284437,170.2563930715562,170.2563930715562,12.671657715953872,medium,small
T36,S4496,10.0,3,664.8,3107.0506836950944,-2442.2506836950943,2442.2506836950943,367.36622799264353,medium,small
T36,S4497,21.0,3,10579.6,6225.254518256658,4354.345481743342,4354.345481743342,41.157940581339005,medium,large
T36,S4498,3.0,1,500.9,915.9773936886411,-415.0773936886411,415.0773936886411,82.86631936287505,small,small
T4,S450,32.0,11,40399.6,33740.640098713644,6658.959901286355,6658.959901286355,16.482737208502943,large,large
T36,S4500,14.0,6,4862.8,6173.514063524201,-1310.7140635242013,1310.7140635242013,26.953896181710153,medium,large
T36,S4501,21.0,13,285391.0,6551.6217549611165,278839.3782450389,278839.3782450389,97.7043348406358,medium,large
T36,S4502,16.0,3,3903.1,3394.3866723647957,508.7133276352042,508.7133276352042,13.033571459486156,medium,large
T36,S4503,0.0,2,1002.9,3377.2318191099175,-2374.3318191099174,2374.3318191099174,236.74661672249653,small,small
T36,S4504,0.0,3,1002.1,3391.3358510786557,-2389.2358510786557,2389.2358510786557,238.42289702411495,small,small
T36,S4505,0.0,1,500.0,863.2761896165267,-363.2761896165267,363.2761896165267,72.65523792330535,small,small
T4,S451,60.0,17,35622.6,54427.77911659775,-18805.17911659775,18805.17911659775,52.79002407628233,large,large
T4,S452,21.0,4,4604.2,8298.81511945147,-3694.6151194514705,3694.6151194514705,80.24445331331113,medium,large
T4,S453,39.0,11,327197.0,27372.29138199623,299824.70861800376,299824.70861800376,91.63430857190126,large,large
T4,S454,24.0,8,14743.7,18383.644579637257,-3639.9445796372565,3639.9445796372565,24.68813513322474,medium,large
T4,S455,31.0,9,25380.9,25577.21814618075,-196.31814618074714,196.31814618074714,0.7734877257337097,large,large
T4,S456,9.0,2,18068.3,3862.6594684551947,14205.640531544805,14205.640531544805,78.62189874833165,medium,small
T4,S457,4.0,7,172968.0,18787.20177634701,154180.798223653,154180.798223653,89.13833670022952,small,small
T4,S458,2.0,1,6569.0,1023.3079576596035,5545.692042340396,5545.692042340396,84.42216535759471,small,small
T4,S459,3.0,10,14800.7,19755.544128437683,-4954.844128437682,4954.844128437682,33.47709316746966,small,small
T4,S460,31.0,12,5390.6,23109.565068223947,-17718.965068223944,17718.965068223944,328.70116625651957,large,large
T4,S461,12.0,8,101956.0,31024.861711544287,70931.13828845571,70931.13828845571,69.57034239128222,medium,small
T4,S462,29.0,9,81596.2,19660.941715352936,61935.25828464706,61935.25828464706,75.90458659183523,large,large
T4,S463,8.0,10,69365.6,30644.948538687062,38720.65146131294,38720.65146131294,55.82111516560505,medium,small
T4,S464,33.0,10,22607.0,24436.741433086605,-1829.741433086605,1829.741433086605,8.093694134943181,large,large
T13,S4640,88.0,16,3052.0,7850.464138954102,-4798.464138954102,4798.464138954102,157.22359564069797,large,large
T13,S4641,67.0,11,6347.2,9561.911936092725,-3214.7119360927254,3214.7119360927254,50.64771767224485,large,large
T13,S4642,47.0,7,3591.5,7261.989395483697,-3670.489395483697,3670.489395483697,102.1993427671919,large,large
T13,S4643,52.0,12,11054.2,17623.878174526504,-6569.678174526503,6569.678174526503,59.431511774045184,large,large
T13,S4644,73.0,16,7454.7,31301.260071128767,-23846.560071128766,23846.560071128766,319.88624721489487,large,large
T13,S4645,118.0,24,3514.1,16544.479692524987,-13030.379692524986,13030.379692524986,370.8027572500779,large,large
T13,S4646,143.0,34,5778.1,33804.24827395723,-28026.14827395723,28026.14827395723,485.040900537499,large,large
T13,S4647,166.0,39,4797.5,30544.267954051546,-25746.767954051546,25746.767954051546,536.6705149359364,large,large
T13,S4648,61.0,11,5032.9,8745.003416220394,-3712.103416220394,3712.103416220394,73.75674891653708,large,large
T13,S4649,97.0,20,9811.8,9361.92516234467,449.8748376553285,449.8748376553285,4.585038806899127,large,large
T4,S465,2.0,6,28306.4,19211.5930116234,9094.8069883766,9094.8069883766,32.12986105042181,small,small
T13,S4650,121.0,22,8684.9,17111.004932778684,-8426.104932778684,8426.104932778684,97.02017216984288,large,large
T13,S4651,71.0,14,2954.0,7098.517786065485,-4144.517786065485,4144.517786065485,140.30188849239963,large,large
T13,S4652,161.0,25,10866.4,26229.35957767648,-15362.959577676482,15362.959577676482,141.38039808654642,large,large
T13,S4653,53.0,10,4160.4,12406.045978619986,-8245.645978619987,8245.645978619987,198.19358664118803,large,large
T13,S4654,10.0,2,1017.9,3639.809926971831,-2621.909926971831,2621.909926971831,257.5803052335034,medium,small
T13,S4655,13.0,3,1001.0,3518.015093451035,-2517.015093451035,2517.015093451035,251.45005928581773,medium,large
T13,S4656,90.0,21,4000.0,11814.96690128663,-7814.966901286631,7814.966901286631,195.37417253216574,large,large
T13,S4657,103.0,20,3130.1,10175.565680095304,-7045.4656800953035,7045.4656800953035,225.0875588669788,large,large
T13,S4658,230.0,53,4896.3,49035.30348889092,-44139.003488890914,44139.003488890914,901.4766964624494,large,large
T13,S4659,238.0,56,9891.6,56865.644269910415,-46974.04426991042,46974.04426991042,474.88823112449364,large,large
T4,S466,28.0,10,133522.0,22646.299723725228,110875.70027627477,110875.70027627477,83.03927463359953,medium,large
T13,S4660,85.0,20,3799.3,11491.65331191602,-7692.353311916019,7692.353311916019,202.46764698539255,large,large
T13,S4661,74.0,17,3209.8,11768.788171471982,-8558.988171471981,8558.988171471981,266.65175934550376,large,large
T13,S4662,174.0,36,17592.8,32896.62625076219,-15303.826250762188,15303.826250762188,86.98914471125795,large,large
T13,S4663,79.0,21,4467.0,12912.852454798749,-8445.852454798749,8445.852454798749,189.0721391269028,large,large
T13,S4664,97.0,17,2676.2,13563.037389695595,-10886.837389695596,10886.837389695596,406.80208466092205,large,large
T13,S4665,80.0,18,5465.5,11766.419642992001,-6300.919642992001,6300.919642992001,115.2853287529412,large,large
T13,S4666,83.0,18,5758.0,12917.65069515555,-7159.650695155549,7159.650695155549,124.34266577206581,large,large
T13,S4667,57.0,13,3865.8,17459.160686287054,-13593.360686287055,13593.360686287055,351.63124544174696,large,large
T13,S4668,8.0,1,509.0,1151.2366029088944,-642.2366029088944,642.2366029088944,126.17614988386923,medium,small
T4,S467,15.5,13,55779.3,26970.549106390223,28808.75089360978,28808.75089360978,51.64774547835806,medium,large
T4,S468,41.0,10,58555.6,25832.298414220102,32723.301585779896,32723.301585779896,55.88415383973505,large,large
T4,S469,29.0,14,44928.4,26359.593642479576,18568.806357520425,18568.806357520425,41.329774391076526,large,large
T4,S470,16.0,9,100303.0,28966.129164689173,71336.87083531082,71336.87083531082,71.1213730748939,medium,large
T4,S471,18.0,4,6825.4,8711.299275514782,-1885.8992755147829,1885.8992755147829,27.630604440981966,medium,large
T4,S472,61.1,33,115897.0,82610.404432564,33286.595567436,33286.595567436,28.720843134365857,large,large
T4,S473,17.0,5,5295.2,8464.013259452333,-3168.813259452333,3168.813259452333,59.84312697258524,medium,large
T4,S474,9.0,32,207210.0,56274.89960107187,150935.10039892813,150935.10039892813,72.84161015343281,medium,small
T4,S475,64.0,19,130407.0,52984.5255248178,77422.4744751822,77422.4744751822,59.369876214606734,large,large
T4,S476,0.0,1,12406.6,833.5829826949969,11573.017017305003,11573.017017305003,93.28113276244098,small,small
T4,S477,2.0,24,73505.3,28651.52660548051,44853.77339451949,44853.77339451949,61.021141869388316,small,small
T4,S478,25.0,12,10854.7,16113.203660125668,-5258.503660125667,5258.503660125667,48.444486352692074,medium,large
T4,S479,26.0,13,12263.5,19546.115326537085,-7282.615326537085,7282.615326537085,59.38447691553868,medium,large
T4,S480,17.0,9,110838.0,24309.399752539863,86528.60024746014,86528.60024746014,78.06763045838083,medium,large
T4,S481,59.0,18,187337.0,21093.83811719851,166243.1618828015,166243.1618828015,88.74016445379263,large,large
T4,S482,10.0,12,8963.5,17052.770161533244,-8089.270161533244,8089.270161533244,90.24678040423099,medium,small
T4,S483,26.0,9,35840.1,16369.807985931611,19470.292014068385,19470.292014068385,54.325439979431934,medium,large
T4,S484,20.0,13,21699.0,14731.483419034628,6967.516580965372,6967.516580965372,32.10985105749285,medium,large
T4,S485,41.0,27,310508.0,37657.464503865085,272850.5354961349,272850.5354961349,87.87230457705917,large,large
T4,S486,1.0,13,3954.9,19212.44188501222,-15257.54188501222,15257.54188501222,385.78831032421095,small,small
T4,S487,2.0,27,10354.9,20070.540330853808,-9715.640330853808,9715.640330853808,93.82650079531246,small,small
T4,S488,35.0,27,42680.1,25671.251462599812,17008.848537400187,17008.848537400187,39.85194162478576,large,large
T4,S489,34.0,40,52505.0,32447.077095831326,20057.922904168674,20057.922904168674,38.20192915754437,large,large
T4,S490,0.0,16,25752.2,18342.854187043322,7409.345812956679,7409.345812956679,28.77170033223056,small,small
T12,S4904,61.0,9,10122.8,10228.540384251108,-105.74038425110848,105.74038425110848,1.0445764437814486,large,large
T12,S4905,18.0,3,1545.3,5887.634521525961,-4342.334521525961,4342.334521525961,281.0026869556695,medium,large
T12,S4906,45.0,10,47089.1,12229.284755112694,34859.8152448873,34859.8152448873,74.02947867954006,large,large
T12,S4907,39.0,6,5120.4,5015.015286469033,105.38471353096702,105.38471353096702,2.058134394402137,large,large
T12,S4908,95.0,17,163743.0,32849.423626395546,130893.57637360445,130893.57637360445,79.93842568757408,large,large
T12,S4909,107.0,13,18034.5,36264.56147032317,-18230.06147032317,18230.06147032317,101.08437422896763,large,large
T12,S4910,81.0,12,6224.6,14141.765002560496,-7917.165002560496,7917.165002560496,127.19154648588658,large,large
T12,S4911,40.0,7,15486.1,4496.6731217249435,10989.426878275057,10989.426878275057,70.9631661830613,large,large
T12,S4913,112.0,13,8758.5,11637.885240902317,-2879.3852409023166,2879.3852409023166,32.87532386712698,large,large
T12,S4915,56.0,8,5612.1,13808.31504738917,-8196.215047389169,8196.215047389169,146.0454205625197,large,large
T12,S4916,26.0,4,11954.8,5931.658161456771,6023.141838543228,6023.141838543228,50.38262320192081,medium,large
T12,S4917,127.0,22,32911.4,33742.5626024212,-831.1626024212019,831.1626024212019,2.5254550168671095,large,large
T12,S4918,14.0,3,11687.3,2623.7251974914902,9063.574802508509,9063.574802508509,77.55063019267503,medium,large
T12,S4919,66.0,11,53820.9,16427.329581336424,37393.57041866358,37393.57041866358,69.47778728832773,large,large
T12,S4920,342.0,34,42616.9,47075.262611727245,-4458.362611727243,4458.362611727243,10.461489718227378,large,large
T12,S4921,13.0,3,10443.1,4072.535870805412,6370.5641291945885,6370.5641291945885,61.00261540342032,medium,large
T12,S4922,67.0,12,11526.6,20847.88997602927,-9321.28997602927,9321.28997602927,80.86764506471353,large,large
T12,S4923,47.0,8,7252.8,7859.305155981625,-606.5051559816247,606.5051559816247,8.362358757743557,large,large
T12,S4924,58.0,8,19089.9,11766.094920952835,7323.805079047166,7323.805079047166,38.36481636387391,large,large
T12,S4925,118.0,16,27058.1,32062.563648224863,-5004.463648224864,5004.463648224864,18.49525150777351,large,large
T12,S4928,123.0,13,28320.5,30557.113019029162,-2236.6130190291624,2236.6130190291624,7.897505407846481,large,large
T12,S4929,91.0,17,56070.3,26137.545010061378,29932.754989938625,29932.754989938625,53.3843317940846,large,large
T12,S4930,0.0,1,615.7,1145.395023116352,-529.6950231163519,529.6950231163519,86.03135018943509,small,small
T12,S4931,130.0,20,26435.4,14985.631000511159,11449.768999488842,11449.768999488842,43.312259317009925,large,large
T12,S4932,100.0,22,44296.3,23326.7237329808,20969.5762670192,20969.5762670192,47.339340457372735,large,large
T12,S4933,153.0,26,5772.8,31637.612557982262,-25864.812557982263,25864.812557982263,448.0462264062892,large,large
T12,S4934,38.0,34,55504.3,48841.07068207851,6663.22931792149,6663.22931792149,12.00488848237252,large,large
T12,S4935,31.0,8,1149.9,3426.622065696803,-2276.722065696803,2276.722065696803,197.9930485865556,large,large
T12,S4936,76.0,10,1129.5,5735.888602299059,-4606.388602299059,4606.388602299059,407.82546279761476,large,large
T12,S4937,131.0,27,12657.6,29691.81850633458,-17034.218506334582,17034.218506334582,134.57700121930367,large,large
T12,S4938,79.0,13,4224.4,8943.50625995704,-4719.10625995704,4719.10625995704,111.71068696044503,large,large
T12,S4939,45.0,13,16549.7,18597.26571441656,-2047.5657144165598,2047.5657144165598,12.372222544315363,large,large
T12,S4940,81.0,15,15292.6,28392.42443064011,-13099.824430640108,13099.824430640108,85.6611984269523,large,large
T12,S4941,13.0,11,4071.8,12888.22640442882,-8816.426404428821,8816.426404428821,216.52405335303357,medium,large
T12,S4942,0.0,5,10678.5,2291.8512852170975,8386.648714782903,8386.648714782903,78.53770393578596,small,small
T12,S4943,0.0,4,701.6,968.8394869332366,-267.23948693323655,267.23948693323655,38.09000668945789,small,small
T12,S4944,1.0,1,500.0,1006.9076899880389,-506.9076899880389,506.9076899880389,101.38153799760778,small,small
T12,S4945,21.0,11,6046.1,15069.025484349877,-9022.925484349877,9022.925484349877,149.23546557863543,medium,large
T12,S4946,5.0,10,2532.2,7132.832414216481,-4600.632414216481,4600.632414216481,181.6851913046553,medium,small
T12,S4947,0.0,4,3783.8,968.8394869332366,2814.9605130667637,2814.9605130667637,74.39506615219524,small,small
T12,S4948,1.0,19,109307.0,20350.510169044523,88956.48983095548,88956.48983095548,81.3822443493605,small,small
T12,S4949,0.0,14,3020.8,5533.7429689212995,-2512.9429689212993,2512.9429689212993,83.18799552837987,small,small
T12,S4950,43.0,46,90519.1,64486.09119465883,26033.008805341175,26033.008805341175,28.75968586225578,large,large
T12,S4952,0.0,26,29795.7,23965.957705226465,5829.742294773536,5829.742294773536,19.565716847644243,small,small
T12,S4953,8.0,29,72349.5,36789.983564997885,35559.516435002115,35559.516435002115,49.14963674248214,medium,small
T12,S4954,18.0,23,610029.0,21923.598540511575,588105.4014594884,588105.4014594884,96.40613830809494,medium,large
T12,S4956,42.0,5,3289.5,9884.612276241352,-6595.112276241352,6595.112276241352,200.4898092792629,large,large
T12,S4957,5.0,1,2669.8,982.246184508231,1687.5538154917692,1687.5538154917692,63.20899750886843,medium,small
T12,S4958,5.0,6,19139.7,9580.616752747253,9559.083247252747,9559.083247252747,49.9437464915999,medium,small
T12,S4959,21.0,6,5166.5,10093.528758857103,-4927.028758857103,4927.028758857103,95.36492323346758,medium,large
T12,S4965,40.0,10,6835.1,4496.893526486275,2338.2064735137255,2338.2064735137255,34.20881148064733,large,large
T12,S4966,35.0,119,239840.0,331408.86106993724,-91568.86106993724,91568.86106993724,38.17914487572433,large,large
T12,S4968,0.0,5,1002.4,2204.5469938948486,-1202.1469938948485,1202.1469938948485,119.92687488974944,small,small
T12,S4969,34.0,8,3490.8,5271.038490171899,-1780.2384901718988,1780.2384901718988,50.99800877082327,large,large
T12,S4970,21.0,9,12109.6,9103.824027755685,3005.775972244315,3005.775972244315,24.821430701627758,medium,large
T44,S5017,36.0,11,2000.0,2986.8036563769124,-986.8036563769124,986.8036563769124,49.34018281884562,large,large
T44,S5018,54.0,15,3500.0,16272.852253149991,-12772.852253149991,12772.852253149991,364.93863580428547,large,large
T44,S5019,38.0,10,4900.7,5841.741008299338,-941.0410082993385,941.0410082993385,19.202175368811364,large,large
T44,S5020,20.0,5,1500.0,1555.7730863851757,-55.7730863851757,55.7730863851757,3.7182057590117132,medium,large
T44,S5021,28.0,6,2000.0,2552.5178132529904,-552.5178132529904,552.5178132529904,27.62589066264952,medium,large
T44,S5023,1.0,1,500.0,656.6642154636885,-156.6642154636885,156.6642154636885,31.3328430927377,small,small
T44,S5024,8.0,3,1500.0,3210.409362408161,-1710.409362408161,1710.409362408161,114.02729082721075,medium,small
T44,S5026,2.0,1,550.0,995.9638661953214,-445.96386619532143,445.96386619532143,81.08433930824026,small,small
T44,S5027,5.0,1,500.0,1635.914026104286,-1135.914026104286,1135.914026104286,227.18280522085718,medium,small
T5,S521,16.0,4,16385.1,3217.0219306795834,13168.078069320414,13168.078069320414,80.36617456909273,medium,large
T5,S522,30.0,9,1711.6,12438.531507776133,-10726.931507776133,10726.931507776133,626.7195318868974,large,large
T5,S523,3.0,6,13108.9,2088.131926026962,11020.768073973039,11020.768073973039,84.07088370475813,small,small
T5,S524,8.0,10,5200.7,10225.299465577582,-5024.599465577582,5024.599465577582,96.61390708130794,medium,small
T5,S525,2.0,3,3390.8,1496.2246920938433,1894.575307906157,1894.575307906157,55.87399162162784,small,small
T5,S526,2.0,10,17645.1,14280.606948443874,3364.4930515561246,3364.4930515561246,19.067577126545753,small,small
T5,S527,0.0,9,3097.2,16087.795752962342,-12990.595752962341,12990.595752962341,419.43031618759983,small,small
T5,S528,8.0,12,15906.6,11701.14327721852,4205.4567227814805,4205.4567227814805,26.43843890448921,medium,small
T6,S562,36.0,56,43644.5,73369.18695265896,-29724.686952658958,29724.686952658958,68.10637526528878,large,large
T6,S563,0.0,1,500.0,3146.060662557356,-2646.060662557356,2646.060662557356,529.2121325114712,small,small
T6,S564,8.0,14,33578.6,15898.556118860497,17680.0438811395,17680.0438811395,52.65271298130209,medium,small
T6,S565,11.0,18,12830.3,31985.393197412188,-19155.09319741219,19155.09319741219,149.29575456078337,medium,small
T6,S567,36.0,45,112248.0,67294.17821182337,44953.82178817663,44953.82178817663,40.04866170281576,large,large
T6,S568,0.0,7,25500.2,15515.102303108608,9985.097696891393,9985.097696891393,39.15693875691717,small,small
T6,S569,0.0,5,10592.7,19021.434685541517,-8428.734685541516,8428.734685541516,79.57116396708597,small,small
T1,S57,66.0,29,21916.7,43496.95548588372,-21580.25548588372,21580.25548588372,98.46489428556178,large,large
T1,S58,59.0,33,12144.8,28650.91575535378,-16506.11575535378,16506.11575535378,135.9109722297097,large,large
T1,S59,108.0,24,13760.8,28051.429262159858,-14290.629262159859,14290.629262159859,103.85027950526029,large,large
T1,S6,41.0,16,17412.6,20949.748854183104,-3537.148854183106,3537.148854183106,20.313731747028623,large,large
T1,S60,39.0,13,5837.9,16238.471966891042,-10400.571966891042,10400.571966891042,178.1560486971521,large,large
T1,S61,121.0,49,9925.7,29289.779075854265,-19364.079075854264,19364.079075854264,195.09031177503113,large,large
T1,S62,95.0,33,15023.8,28100.747043482224,-13076.947043482225,13076.947043482225,87.04154104475715,large,large
T1,S63,62.0,30,8309.0,30923.694415137234,-22614.694415137234,22614.694415137234,272.1710725133859,large,large
T1,S64,72.0,15,10688.8,21725.686925782662,-11036.886925782663,11036.886925782663,103.25655757225005,large,large
T1,S65,12.0,10,2345.8,10428.4008558154,-8082.6008558154,8082.6008558154,344.5562646353227,medium,small
T1,S66,18.0,17,8953.9,15867.638294785178,-6913.738294785178,6913.738294785178,77.21482588352761,medium,large
T7,S670,28.0,7,8176.2,5463.437839367727,2712.7621606322728,2712.7621606322728,33.178764715054335,medium,large
T7,S671,33.0,11,2630.4,5702.132969929797,-3071.7329699297966,3071.7329699297966,116.77816947725807,large,large
T7,S672,42.0,8,3605.3,5446.9629358804905,-1841.6629358804903,1841.6629358804903,51.082099572309936,large,large
T7,S673,13.0,12,7047.7,5735.54514760235,1312.1548523976498,1312.1548523976498,18.61819958848489,medium,large
T7,S674,5.0,15,9272.8,15546.290722100766,-6273.490722100767,6273.490722100767,67.6547614755065,medium,small
T7,S675,0.0,15,3682.3,14097.669297167415,-10415.369297167414,10415.369297167414,282.8495586228013,small,small
T7,S676,0.0,8,5954.3,6513.239928733981,-558.9399287339811,558.9399287339811,9.38716438093447,small,small
T7,S677,0.0,10,27730.2,3081.7130721741078,24648.486927825892,24648.486927825892,88.88679824821276,small,small
T7,S678,0.0,1,502.6,1268.100173038019,-765.5001730380189,765.5001730380189,152.30803283685214,small,small
T7,S679,0.0,1,555.0,1268.100173038019,-713.100173038019,713.100173038019,128.48651766450791,small,small
T7,S680,0.0,2,500.0,765.9619546055104,-265.9619546055104,265.9619546055104,53.19239092110208,small,small
T7,S681,0.0,2,535.2,765.9619546055104,-230.76195460551037,230.76195460551037,43.11695713854827,small,small
T7,S682,0.0,6,5915.3,1872.6963548222884,4042.6036451777118,4042.6036451777118,68.34148133108569,small,small
T7,S685,0.0,2,631.3,764.4884902113421,-133.18849021134213,133.18849021134213,21.097495677386686,small,small
T8,S698,0.0,1,509.3,986.2889692468666,-476.9889692468666,476.9889692468666,93.655796042974,small,small
T1,S7,80.0,29,32260.1,25054.10703520538,7205.992964794619,7205.992964794619,22.33716871551737,large,large
T9,S783,5.0,1,9992.3,1017.5455344294346,8974.754465570564,8974.754465570564,89.81670351741406,medium,small
T9,S784,3.0,1,7837.2,680.2527832415224,7156.947216758477,7156.947216758477,91.3202064099229,small,small
T9,S785,43.0,9,36653.6,17373.134286404507,19280.46571359549,19280.46571359549,52.601833690539245,large,large
T9,S786,27.0,11,20380.7,24544.1050310887,-4163.4050310887,4163.4050310887,20.42817484722654,medium,large
T9,S787,10.0,3,27006.8,3451.939268425781,23554.86073157422,23554.86073157422,87.21825885174927,medium,small
T9,S788,0.0,1,500.0,569.3197809447178,-69.31978094471776,69.31978094471776,13.863956188943552,small,small
T9,S789,17.0,6,3858.0,26721.67125374523,-22863.67125374523,22863.67125374523,592.6301517300474,medium,large
T9,S790,13.0,3,6870.4,3994.471866243126,2875.9281337568736,2875.9281337568736,41.85968988351295,medium,large
T9,S791,19.0,4,1543.0,5095.852490657796,-3552.852490657796,3552.852490657796,230.2561562318727,medium,large
T9,S792,19.0,4,4965.6,5095.852490657796,-130.25249065779553,130.25249065779553,2.623096718579739,medium,large
T9,S793,49.0,11,3897.9,20810.162552445243,-16912.26255244524,16912.26255244524,433.88138619372586,large,large
T9,S794,17.0,9,2507.0,27986.852495032443,-25479.852495032443,25479.852495032443,1016.348324492718,medium,large
T9,S795,60.0,21,237376.0,24681.79434382821,212694.20565617178,212694.20565617178,89.60223681255552,large,large
T9,S797,0.0,2,1036.8,2849.2897379574792,-1812.4897379574793,1812.4897379574793,174.8157540468248,small,small
T1,S8,41.0,17,28958.9,21422.057503114025,7536.842496885976,7536.842496885976,26.0259971783665,large,large
T10,S847,10.0,2,631.5,1865.8055776642677,-1234.3055776642677,1234.3055776642677,195.45614848206932,medium,small
T10,S848,125.0,6,22082.5,15619.702630694874,6462.797369305126,6462.797369305126,29.26660192145421,large,large
T10,S849,5.0,1,511.5,861.6955416035358,-350.19554160353584,350.19554160353584,68.4644265109552,medium,small
T10,S851,45.0,5,2358.9,19168.469214561246,-16809.569214561245,16809.569214561245,712.6020269855121,large,large
T10,S852,5.0,1,500.0,927.2028519923291,-427.2028519923291,427.2028519923291,85.44057039846582,medium,small
T10,S853,131.0,15,22487.6,17053.95218419344,5433.647815806558,5433.647815806558,24.16286226990234,large,large
T10,S855,5.0,1,501.5,861.5433084025896,-360.04330840258956,360.04330840258956,71.79328183501288,medium,small
T10,S857,8.0,1,500.0,2601.1750780014995,-2101.1750780014995,2101.1750780014995,420.2350156002999,medium,small
T10,S858,13.0,1,4834.0,2095.9737672711512,2738.0262327288488,2738.0262327288488,56.64100605562368,medium,large
T1,S9,69.0,21,19307.4,30455.000428103915,-11147.600428103913,11147.600428103913,57.737450035239924,large,large
T2,S90,3.0,2,563.4,1394.803682756884,-831.403682756884,831.403682756884,147.5689887747398,small,small
T2,S91,22.0,28,38831.6,38888.93125027698,-57.331250276984065,57.331250276984065,0.1476407108565809,medium,large
T2,S92,54.0,35,54800.5,28132.98750693937,26667.51249306063,26667.51249306063,48.66289996087742,large,large
T2,S93,1.0,4,5219.9,3180.799658043996,2039.1003419560038,2039.1003419560038,39.0639732936647,small,small
T2,S94,1.0,2,509.4,1299.4353076047105,-790.0353076047105,790.0353076047105,155.0913442490598,small,small
T2,S95,16.0,6,1021.8,4480.959222826548,-3459.159222826548,3459.159222826548,338.535840949946,medium,large
T11,S957,52.0,10,3264.0,7774.91774683761,-4510.91774683761,4510.91774683761,138.20213685164248,large,large
T11,S958,19.0,5,4764.4,9852.333234611762,-5087.933234611763,5087.933234611763,106.79063963168002,medium,large
T11,S959,10.0,3,11573.7,4553.5168766657025,7020.183123334298,7020.183123334298,60.65634259860112,medium,small
T2,S96,3.0,1,520.8,1499.6559733562947,-978.8559733562947,978.8559733562947,187.95237583646212,small,small
T11,S962,75.0,8,9646.9,14864.00478098411,-5217.104780984111,5217.104780984111,54.080635032851085,large,large
T11,S964,39.0,8,26018.0,8675.430691020056,17342.569308979946,17342.569308979946,66.65604315850544,large,large
T11,S965,24.0,1,17036.0,1294.0676282622717,15741.932371737728,15741.932371737728,92.40392329031303,medium,large
T11,S966,5.0,1,500.0,1711.1728149541964,-1211.1728149541964,1211.1728149541964,242.2345629908393,medium,small
T11,S967,18.0,8,3374.6,10261.550397467037,-6886.950397467037,6886.950397467037,204.08197704815495,medium,large
T11,S968,6.0,2,3357.0,1847.7633237737239,1509.2366762262761,1509.2366762262761,44.95789920245088,medium,small
T11,S969,23.0,8,14890.2,9295.325620876374,5594.874379123627,5594.874379123627,37.57420571331229,medium,large
T2,S97,1.0,1,623.4,619.8594247539233,3.540575246076628,3.540575246076628,0.5679459810838351,small,small
T11,S970,7.0,2,6528.3,1911.2482442831988,4617.051755716801,4617.051755716801,70.72364560018384,medium,small
T11,S971,29.0,6,54506.3,5063.427323484991,49442.87267651501,49442.87267651501,90.71038150913749,large,large
T11,S972,1.0,1,500.7,557.2504279262682,-56.55042792626824,56.55042792626824,11.294273602210554,small,small
T11,S973,7.0,2,3819.3,1911.2482442831988,1908.0517557168014,1908.0517557168014,49.95815347620772,medium,small
T11,S974,21.0,7,3223.7,8316.465268276277,-5092.765268276277,5092.765268276277,157.97888352750806,medium,large
T11,S975,16.0,1,500.0,1874.4785279761056,-1374.4785279761056,1374.4785279761056,274.8957055952211,medium,large
T11,S976,60.0,16,35094.0,13533.004528294361,21560.99547170564,21560.99547170564,61.437839721051,large,large
T11,S978,25.0,7,12078.2,6884.157680739974,5194.0423192600265,5194.0423192600265,43.00344686509601,medium,large
T11,S979,39.0,3,23856.5,6010.053757649699,17846.4462423503,17846.4462423503,74.80747906168256,large,large
T11,S981,15.0,4,3528.4,5476.461554126939,-1948.0615541269385,1948.0615541269385,55.21090449288455,medium,large
T11,S982,65.0,8,4144.2,10925.284149311554,-6781.084149311554,6781.084149311554,163.62830339538522,large,large
T11,S983,12.0,3,1089.6,5272.980890370746,-4183.380890370747,4183.380890370747,383.93730638498045,medium,small
T11,S984,18.0,8,711.4,10391.21551482503,-9679.81551482503,9679.81551482503,1360.6712840631194,medium,large
T11,S985,15.0,7,17288.5,5674.6834323656685,11613.81656763433,11613.81656763433,67.17654260134964,medium,large
T11,S986,5.0,5,514.5,5594.378588578618,-5079.878588578618,5079.878588578618,987.342777177574,medium,small
T11,S988,16.0,1,1665.7,1874.4785279761056,-208.77852797610558,208.77852797610558,12.533981387771242,medium,large
T2,S99,4.0,2,506.4,1336.849218935286,-830.449218935286,830.449218935286,163.99076203303437,small,small
T11,S990,126.0,34,568408.0,50883.01464476196,517524.985355238,517524.985355238,91.04815297378609,large,large
T11,S992,75.0,11,4618.0,8837.838693369418,-4219.838693369418,4219.838693369418,91.3780574571117,large,large
T11,S993,4.0,1,602.9,1807.3442681255237,-1204.4442681255236,1204.4442681255236,199.77513155175382,small,small
T11,S994,3.0,1,500.0,1496.945653152633,-996.945653152633,996.945653152633,199.38913063052658,small,small
T11,S995,7.0,1,500.0,1505.6772928437508,-1005.6772928437508,1005.6772928437508,201.13545856875015,medium,small
T11,S996,28.0,8,24638.5,7396.527970295545,17241.972029704455,17241.972029704455,69.97979596852267,medium,large
T11,S998,14.0,2,656.0,2965.9496360893568,-2309.9496360893568,2309.9496360893568,352.1264689160605,medium,large
T11,S999,14.0,6,6464.5,13042.133751987705,-6577.633751987705,6577.633751987705,101.75007737625037,medium,large
